{
    "cached": true,
    "autoCopy": true,
    "offSetXYType": "No Offset",
    "offSetXY": [
        0,
        0
    ],
    "offSetWH": [
        "auto",
        "auto"
    ],
    "tesseract_loc": "C:/Program Files/Tesseract-OCR/tesseract.exe",
    "default_Engine": "Google Translate",
    "default_FromOnOpen": "Japanese",
    "default_ToOnOpen": "English",
    "capture_Hotkey": "",
    "capture_HotkeyDelay": 1000,
    "Query_Box": {
        "font": {
            "family": "Segoe UI",
            "size": 10,
            "weight": "normal",
            "slant": "roman",
            "underline": 0,
            "overstrike": 0
        },
        "bg": "#FFFFFF",
        "fg": "#000000"
    },
    "Result_Box": {
        "font": {
            "family": "Segoe UI",
            "size": 10,
            "weight": "normal",
            "slant": "roman",
            "underline": 0,
            "overstrike": 0
        },
        "bg": "#FFFFFF",
        "fg": "#000000"
    },
    "saveHistory": true,
    "checkUpdateOnStart": true,
    "enhance_Capture": {
        "cv2_Contour": true,
        "grayscale": false,
        "background": "Light"
    },
    "show_no_text_alert": false
}